Site(id=2434, URL=https://liquipedia.net/dota2/Alliance, dotaCount=39, valorantCount=0, csCount=1, pubgCount=4)
Site(id=2437, URL=https://liquipedia.net/dota2/Alliance#, dotaCount=39, valorantCount=0, csCount=1, pubgCount=4)
Site(id=2438, URL=https://liquipedia.net/dota2/Dota_2_Champions_League/2022/Season_11, dotaCount=18, valorantCount=0, csCount=1, pubgCount=2)
Site(id=2374, URL=https://www.teamliquid.com/news/2022/12/02/sayf-a-long-and-odd-path-to-the-top, dotaCount=1, valorantCount=17, csCount=2, pubgCount=0)
Site(id=2378, URL=https://liquipedia.net/dota2/Main_Page, dotaCount=14, valorantCount=0, csCount=1, pubgCount=2)
Site(id=2379, URL=https://liquipedia.net/dota2/Main_Page, dotaCount=14, valorantCount=0, csCount=1, pubgCount=2)
Site(id=2380, URL=https://liquipedia.net/dota2/Main_Page, dotaCount=14, valorantCount=0, csCount=1, pubgCount=2)
Site(id=2381, URL=https://liquipedia.net/dota2/Main_Page, dotaCount=14, valorantCount=0, csCount=1, pubgCount=2)
Site(id=2382, URL=https://liquipedia.net/dota2/Main_Page, dotaCount=14, valorantCount=0, csCount=1, pubgCount=2)
Site(id=2383, URL=https://liquipedia.net/dota2/Main_Page, dotaCount=14, valorantCount=0, csCount=1, pubgCount=2)
Site(id=2384, URL=https://liquipedia.net/dota2/Main_Page#, dotaCount=14, valorantCount=0, csCount=1, pubgCount=2)
Site(id=2385, URL=https://liquipedia.net/dota2/Main_Page#, dotaCount=14, valorantCount=0, csCount=1, pubgCount=2)
Site(id=2386, URL=https://liquipedia.net/dota2/Main_Page, dotaCount=14, valorantCount=0, csCount=1, pubgCount=2)
Site(id=2387, URL=https://liquipedia.net/dota2/Main_Page#, dotaCount=14, valorantCount=0, csCount=1, pubgCount=2)
Site(id=2388, URL=https://liquipedia.net/dota2/Main_Page#, dotaCount=14, valorantCount=0, csCount=1, pubgCount=2)
Site(id=2389, URL=https://liquipedia.net/dota2/Main_Page, dotaCount=14, valorantCount=0, csCount=1, pubgCount=2)
Site(id=2390, URL=https://liquipedia.net/dota2/Main_Page, dotaCount=14, valorantCount=0, csCount=1, pubgCount=2)
Site(id=2391, URL=https://liquipedia.net/dota2/Main_Page#, dotaCount=14, valorantCount=0, csCount=1, pubgCount=2)
Site(id=2392, URL=https://liquipedia.net/dota2/Main_Page#, dotaCount=14, valorantCount=0, csCount=1, pubgCount=2)
Site(id=2393, URL=https://liquipedia.net/dota2/Main_Page, dotaCount=14, valorantCount=0, csCount=1, pubgCount=2)
Site(id=2394, URL=https://liquipedia.net/dota2/Main_Page#, dotaCount=14, valorantCount=0, csCount=1, pubgCount=2)
Site(id=2395, URL=https://liquipedia.net/dota2/Main_Page#, dotaCount=14, valorantCount=0, csCount=1, pubgCount=2)
Site(id=2396, URL=https://liquipedia.net/dota2/Main_Page, dotaCount=14, valorantCount=0, csCount=1, pubgCount=2)
Site(id=2397, URL=https://liquipedia.net/dota2/Main_Page, dotaCount=14, valorantCount=0, csCount=1, pubgCount=2)
Site(id=2398, URL=https://liquipedia.net/dota2/Main_Page, dotaCount=14, valorantCount=0, csCount=1, pubgCount=2)
Site(id=2399, URL=https://liquipedia.net/dota2/Main_Page#, dotaCount=14, valorantCount=0, csCount=1, pubgCount=2)
Site(id=2400, URL=https://liquipedia.net/dota2/Main_Page#, dotaCount=14, valorantCount=0, csCount=1, pubgCount=2)
Site(id=2401, URL=https://liquipedia.net/dota2/Main_Page, dotaCount=14, valorantCount=0, csCount=1, pubgCount=2)
Site(id=2402, URL=https://liquipedia.net/dota2/Main_Page#, dotaCount=14, valorantCount=0, csCount=1, pubgCount=2)
Site(id=2403, URL=https://liquipedia.net/dota2/Main_Page#, dotaCount=14, valorantCount=0, csCount=1, pubgCount=2)
Site(id=2404, URL=https://liquipedia.net/dota2/Main_Page, dotaCount=14, valorantCount=0, csCount=1, pubgCount=2)
Site(id=2405, URL=https://liquipedia.net/dota2/Main_Page, dotaCount=14, valorantCount=0, csCount=1, pubgCount=2)
Site(id=2406, URL=https://liquipedia.net/dota2/Main_Page#, dotaCount=14, valorantCount=0, csCount=1, pubgCount=2)
Site(id=2407, URL=https://liquipedia.net/dota2/Main_Page#, dotaCount=14, valorantCount=0, csCount=1, pubgCount=2)
Site(id=2408, URL=https://liquipedia.net/dota2/Main_Page, dotaCount=14, valorantCount=0, csCount=1, pubgCount=2)
Site(id=2409, URL=https://liquipedia.net/dota2/Main_Page#, dotaCount=14, valorantCount=0, csCount=1, pubgCount=2)
Site(id=2411, URL=https://liquipedia.net/dota2/Main_Page, dotaCount=14, valorantCount=0, csCount=1, pubgCount=2)
Site(id=2412, URL=https://liquipedia.net/dota2/Main_Page, dotaCount=14, valorantCount=0, csCount=1, pubgCount=2)
Site(id=2413, URL=https://liquipedia.net/dota2/Main_Page, dotaCount=14, valorantCount=0, csCount=1, pubgCount=2)
Site(id=2414, URL=https://liquipedia.net/dota2/Main_Page, dotaCount=14, valorantCount=0, csCount=1, pubgCount=2)
Site(id=2415, URL=https://liquipedia.net/dota2/Main_Page#, dotaCount=14, valorantCount=0, csCount=1, pubgCount=2)
Site(id=2416, URL=https://liquipedia.net/dota2/Main_Page#, dotaCount=14, valorantCount=0, csCount=1, pubgCount=2)
Site(id=2417, URL=https://liquipedia.net/dota2/Main_Page, dotaCount=14, valorantCount=0, csCount=1, pubgCount=2)
Site(id=2418, URL=https://liquipedia.net/dota2/Main_Page#, dotaCount=14, valorantCount=0, csCount=1, pubgCount=2)
Site(id=2420, URL=https://liquipedia.net/dota2/Main_Page, dotaCount=14, valorantCount=0, csCount=1, pubgCount=2)
Site(id=2421, URL=https://liquipedia.net/dota2/Main_Page, dotaCount=14, valorantCount=0, csCount=1, pubgCount=2)
Site(id=2424, URL=https://liquipedia.net/dota2/Main_Page, dotaCount=14, valorantCount=0, csCount=1, pubgCount=2)
Site(id=2427, URL=https://liquipedia.net/dota2/Main_Page, dotaCount=14, valorantCount=0, csCount=1, pubgCount=2)
Site(id=2428, URL=https://liquipedia.net/dota2/Main_Page, dotaCount=14, valorantCount=0, csCount=1, pubgCount=2)
Site(id=2429, URL=https://liquipedia.net/dota2/Main_Page, dotaCount=14, valorantCount=0, csCount=1, pubgCount=2)
Site(id=2430, URL=https://liquipedia.net/dota2/Main_Page#, dotaCount=14, valorantCount=0, csCount=1, pubgCount=2)
Site(id=2432, URL=https://liquipedia.net/dota2/Main_Page, dotaCount=14, valorantCount=0, csCount=1, pubgCount=2)
Site(id=2435, URL=https://liquipedia.net/dota2/Main_Page, dotaCount=14, valorantCount=0, csCount=1, pubgCount=2)
Site(id=2436, URL=https://liquipedia.net/dota2/Main_Page, dotaCount=14, valorantCount=0, csCount=1, pubgCount=2)
Site(id=2439, URL=https://liquipedia.net/dota2/Main_Page, dotaCount=14, valorantCount=0, csCount=1, pubgCount=2)
Site(id=2313, URL=https://liquipedia.net/, dotaCount=3, valorantCount=0, csCount=2, pubgCount=8)
Site(id=2346, URL=https://liquipedia.net/, dotaCount=3, valorantCount=0, csCount=2, pubgCount=8)
Site(id=2375, URL=https://liquipedia.net/, dotaCount=3, valorantCount=0, csCount=2, pubgCount=8)
Site(id=2440, URL=https://liquipedia.net/dota2/BOOM, dotaCount=10, valorantCount=0, csCount=1, pubgCount=2)
Site(id=2410, URL=https://liquipedia.net/dota2/BTS/Pro_Series/13/Southeast_Asia, dotaCount=8, valorantCount=0, csCount=1, pubgCount=2)
Site(id=2419, URL=https://liquipedia.net/dota2/BTS/Pro_Series/13/Southeast_Asia#, dotaCount=8, valorantCount=0, csCount=1, pubgCount=2)
Site(id=2422, URL=https://liquipedia.net/dota2/BTS/Pro_Series/13/Southeast_Asia#, dotaCount=8, valorantCount=0, csCount=1, pubgCount=2)
Site(id=2423, URL=https://liquipedia.net/dota2/BTS/Pro_Series/13/Southeast_Asia#, dotaCount=8, valorantCount=0, csCount=1, pubgCount=2)
Site(id=2425, URL=https://liquipedia.net/dota2/BTS/Pro_Series/13/Southeast_Asia#, dotaCount=8, valorantCount=0, csCount=1, pubgCount=2)
Site(id=2426, URL=https://liquipedia.net/dota2/BTS/Pro_Series/13/Americas, dotaCount=7, valorantCount=0, csCount=1, pubgCount=2)
Site(id=2431, URL=https://liquipedia.net/dota2/BTS/Pro_Series/13/Americas#, dotaCount=7, valorantCount=0, csCount=1, pubgCount=2)
Site(id=2433, URL=https://liquipedia.net/dota2/BTS/Pro_Series/13/Americas#, dotaCount=7, valorantCount=0, csCount=1, pubgCount=2)
Site(id=2314, URL=https://tl.net/, dotaCount=5, valorantCount=0, csCount=3, pubgCount=0)
Site(id=2315, URL=https://tl.net/mytlnet/login, dotaCount=5, valorantCount=0, csCount=3, pubgCount=0)
Site(id=2316, URL=https://tl.net/mytlnet/login, dotaCount=5, valorantCount=0, csCount=3, pubgCount=0)
Site(id=2317, URL=https://tl.net/mytlnet/login, dotaCount=5, valorantCount=0, csCount=3, pubgCount=0)
Site(id=2318, URL=https://tl.net/mytlnet/login, dotaCount=5, valorantCount=0, csCount=3, pubgCount=0)
Site(id=2319, URL=https://tl.net/mytlnet/login, dotaCount=5, valorantCount=0, csCount=3, pubgCount=0)
Site(id=2320, URL=https://tl.net/mytlnet/login, dotaCount=5, valorantCount=0, csCount=3, pubgCount=0)
Site(id=2321, URL=https://tl.net/mytlnet/login, dotaCount=5, valorantCount=0, csCount=3, pubgCount=0)
Site(id=2322, URL=https://tl.net/mytlnet/login, dotaCount=5, valorantCount=0, csCount=3, pubgCount=0)
Site(id=2323, URL=https://tl.net/mytlnet/login, dotaCount=5, valorantCount=0, csCount=3, pubgCount=0)
Site(id=2324, URL=https://tl.net/mytlnet/register, dotaCount=5, valorantCount=0, csCount=3, pubgCount=0)
Site(id=2325, URL=https://tl.net/mytlnet/login, dotaCount=5, valorantCount=0, csCount=3, pubgCount=0)
Site(id=2326, URL=https://tl.net/mytlnet/login, dotaCount=5, valorantCount=0, csCount=3, pubgCount=0)
Site(id=2327, URL=https://tl.net/mytlnet/login, dotaCount=5, valorantCount=0, csCount=3, pubgCount=0)
Site(id=2328, URL=https://tl.net/mytlnet/login, dotaCount=5, valorantCount=0, csCount=3, pubgCount=0)
Site(id=2329, URL=https://tl.net/mytlnet/register, dotaCount=5, valorantCount=0, csCount=3, pubgCount=0)
Site(id=2330, URL=https://tl.net/mytlnet/login, dotaCount=5, valorantCount=0, csCount=3, pubgCount=0)
Site(id=2332, URL=https://tl.net/mytlnet/login, dotaCount=5, valorantCount=0, csCount=3, pubgCount=0)
Site(id=2333, URL=https://tl.net/mytlnet/login, dotaCount=5, valorantCount=0, csCount=3, pubgCount=0)
Site(id=2334, URL=https://tl.net/mytlnet/login, dotaCount=5, valorantCount=0, csCount=3, pubgCount=0)
Site(id=2335, URL=https://tl.net/mytlnet/login, dotaCount=5, valorantCount=0, csCount=3, pubgCount=0)
Site(id=2336, URL=https://tl.net/mytlnet/login, dotaCount=5, valorantCount=0, csCount=3, pubgCount=0)
Site(id=2337, URL=https://tl.net/mytlnet/login, dotaCount=5, valorantCount=0, csCount=3, pubgCount=0)
Site(id=2338, URL=https://tl.net/mytlnet/login, dotaCount=5, valorantCount=0, csCount=3, pubgCount=0)
Site(id=2339, URL=https://tl.net/mytlnet/register, dotaCount=5, valorantCount=0, csCount=3, pubgCount=0)
Site(id=2340, URL=https://tl.net/mytlnet/register, dotaCount=5, valorantCount=0, csCount=3, pubgCount=0)
Site(id=2341, URL=https://tl.net/mytlnet/login, dotaCount=5, valorantCount=0, csCount=3, pubgCount=0)
Site(id=2342, URL=https://tl.net/mytlnet/login, dotaCount=5, valorantCount=0, csCount=3, pubgCount=0)
Site(id=2343, URL=https://tl.net/mytlnet/login, dotaCount=5, valorantCount=0, csCount=3, pubgCount=0)
Site(id=2347, URL=https://tl.net/mytlnet/login, dotaCount=5, valorantCount=0, csCount=3, pubgCount=0)
Site(id=2348, URL=https://tl.net/mytlnet/login, dotaCount=5, valorantCount=0, csCount=3, pubgCount=0)
Site(id=2349, URL=https://tl.net/mytlnet/login, dotaCount=5, valorantCount=0, csCount=3, pubgCount=0)
Site(id=2350, URL=https://tl.net/mytlnet/login, dotaCount=5, valorantCount=0, csCount=3, pubgCount=0)
Site(id=2351, URL=https://tl.net/mytlnet/login, dotaCount=5, valorantCount=0, csCount=3, pubgCount=0)
Site(id=2352, URL=https://tl.net/mytlnet/login, dotaCount=5, valorantCount=0, csCount=3, pubgCount=0)
Site(id=2353, URL=https://tl.net/mytlnet/login, dotaCount=5, valorantCount=0, csCount=3, pubgCount=0)
Site(id=2354, URL=https://tl.net/mytlnet/login, dotaCount=5, valorantCount=0, csCount=3, pubgCount=0)
Site(id=2355, URL=https://tl.net/mytlnet/register, dotaCount=5, valorantCount=0, csCount=3, pubgCount=0)
Site(id=2356, URL=https://tl.net/mytlnet/login, dotaCount=5, valorantCount=0, csCount=3, pubgCount=0)
Site(id=2357, URL=https://tl.net/mytlnet/login, dotaCount=5, valorantCount=0, csCount=3, pubgCount=0)
Site(id=2358, URL=https://tl.net/mytlnet/login, dotaCount=5, valorantCount=0, csCount=3, pubgCount=0)
Site(id=2359, URL=https://tl.net/mytlnet/login, dotaCount=5, valorantCount=0, csCount=3, pubgCount=0)
Site(id=2360, URL=https://tl.net/mytlnet/register, dotaCount=5, valorantCount=0, csCount=3, pubgCount=0)
Site(id=2361, URL=https://tl.net/mytlnet/login, dotaCount=5, valorantCount=0, csCount=3, pubgCount=0)
Site(id=2363, URL=https://tl.net/mytlnet/register, dotaCount=5, valorantCount=0, csCount=3, pubgCount=0)
Site(id=2364, URL=https://tl.net/mytlnet/login, dotaCount=5, valorantCount=0, csCount=3, pubgCount=0)
Site(id=2365, URL=https://tl.net/mytlnet/login, dotaCount=5, valorantCount=0, csCount=3, pubgCount=0)
Site(id=2366, URL=https://tl.net/mytlnet/login, dotaCount=5, valorantCount=0, csCount=3, pubgCount=0)
Site(id=2367, URL=https://tl.net/mytlnet/login, dotaCount=5, valorantCount=0, csCount=3, pubgCount=0)
Site(id=2368, URL=https://tl.net/mytlnet/login, dotaCount=5, valorantCount=0, csCount=3, pubgCount=0)
Site(id=2369, URL=https://tl.net/mytlnet/login, dotaCount=5, valorantCount=0, csCount=3, pubgCount=0)
Site(id=2370, URL=https://tl.net/mytlnet/register, dotaCount=5, valorantCount=0, csCount=3, pubgCount=0)
Site(id=2376, URL=https://tl.net/, dotaCount=5, valorantCount=0, csCount=3, pubgCount=0)
Site(id=2331, URL=https://www.teamliquid.com/, dotaCount=5, valorantCount=2, csCount=0, pubgCount=0)
Site(id=2344, URL=https://www.teamliquid.com/, dotaCount=5, valorantCount=2, csCount=0, pubgCount=0)
Site(id=2362, URL=https://www.teamliquid.com/, dotaCount=5, valorantCount=2, csCount=0, pubgCount=0)
Site(id=2371, URL=https://www.teamliquid.com/, dotaCount=5, valorantCount=2, csCount=0, pubgCount=0)
Site(id=2345, URL=http://www.alienware.com/, dotaCount=0, valorantCount=0, csCount=0, pubgCount=0)
Site(id=2372, URL=http://www.alienware.com/, dotaCount=0, valorantCount=0, csCount=0, pubgCount=0)
Site(id=2373, URL=https://www.dell.com/en-us/gaming/alienware#aw-section-content-1, dotaCount=0, valorantCount=0, csCount=0, pubgCount=0)
Site(id=2377, URL=https://twitter.com/tlnet, dotaCount=0, valorantCount=0, csCount=0, pubgCount=0)
Site(id=2441, URL=https://liquipedia.net/dota2/Main_Page, dotaCount=16, valorantCount=0, csCount=1, pubgCount=2)
Site(id=2442, URL=https://liquipedia.net/dota2/Main_Page, dotaCount=16, valorantCount=0, csCount=1, pubgCount=2)
Site(id=2443, URL=https://liquipedia.net/dota2/Main_Page, dotaCount=16, valorantCount=0, csCount=1, pubgCount=2)
Site(id=2444, URL=https://liquipedia.net/dota2/Main_Page, dotaCount=16, valorantCount=0, csCount=1, pubgCount=2)
Site(id=2445, URL=https://liquipedia.net/dota2/Main_Page, dotaCount=16, valorantCount=0, csCount=1, pubgCount=2)
Site(id=2446, URL=https://liquipedia.net/dota2/Main_Page, dotaCount=16, valorantCount=0, csCount=1, pubgCount=2)
Site(id=2447, URL=https://liquipedia.net/dota2/Main_Page, dotaCount=16, valorantCount=0, csCount=1, pubgCount=2)
Site(id=2448, URL=https://liquipedia.net/dota2/Main_Page, dotaCount=16, valorantCount=0, csCount=1, pubgCount=2)
Site(id=2449, URL=https://liquipedia.net/dota2/Main_Page#, dotaCount=16, valorantCount=0, csCount=1, pubgCount=2)
Site(id=2450, URL=https://liquipedia.net/dota2/Main_Page#, dotaCount=16, valorantCount=0, csCount=1, pubgCount=2)
Site(id=2451, URL=https://liquipedia.net/dota2/Main_Page, dotaCount=16, valorantCount=0, csCount=1, pubgCount=2)
Site(id=2452, URL=https://liquipedia.net/dota2/Main_Page#, dotaCount=16, valorantCount=0, csCount=1, pubgCount=2)
Site(id=2453, URL=https://liquipedia.net/dota2/Main_Page#, dotaCount=16, valorantCount=0, csCount=1, pubgCount=2)
Site(id=2454, URL=https://liquipedia.net/dota2/Main_Page, dotaCount=16, valorantCount=0, csCount=1, pubgCount=2)
Site(id=2455, URL=https://liquipedia.net/dota2/Main_Page, dotaCount=16, valorantCount=0, csCount=1, pubgCount=2)
Site(id=2456, URL=https://liquipedia.net/dota2/Main_Page#, dotaCount=16, valorantCount=0, csCount=1, pubgCount=2)
Site(id=2457, URL=https://liquipedia.net/dota2/Main_Page#, dotaCount=16, valorantCount=0, csCount=1, pubgCount=2)
Site(id=2458, URL=https://liquipedia.net/dota2/Main_Page, dotaCount=16, valorantCount=0, csCount=1, pubgCount=2)
Site(id=2459, URL=https://liquipedia.net/dota2/Main_Page#, dotaCount=16, valorantCount=0, csCount=1, pubgCount=2)
Site(id=2460, URL=https://liquipedia.net/dota2/Main_Page#, dotaCount=16, valorantCount=0, csCount=1, pubgCount=2)
Site(id=2461, URL=https://liquipedia.net/dota2/Main_Page, dotaCount=16, valorantCount=0, csCount=1, pubgCount=2)
Site(id=2462, URL=https://liquipedia.net/dota2/Main_Page, dotaCount=16, valorantCount=0, csCount=1, pubgCount=2)
Site(id=2463, URL=https://liquipedia.net/dota2/Main_Page, dotaCount=16, valorantCount=0, csCount=1, pubgCount=2)
Site(id=2464, URL=https://liquipedia.net/dota2/Main_Page#, dotaCount=16, valorantCount=0, csCount=1, pubgCount=2)
Site(id=2465, URL=https://liquipedia.net/dota2/Main_Page#, dotaCount=16, valorantCount=0, csCount=1, pubgCount=2)
Site(id=2466, URL=https://liquipedia.net/dota2/Main_Page, dotaCount=16, valorantCount=0, csCount=1, pubgCount=2)
Site(id=2467, URL=https://liquipedia.net/dota2/Main_Page#, dotaCount=16, valorantCount=0, csCount=1, pubgCount=2)
Site(id=2468, URL=https://liquipedia.net/dota2/Main_Page#, dotaCount=16, valorantCount=0, csCount=1, pubgCount=2)
Site(id=2469, URL=https://liquipedia.net/dota2/Main_Page, dotaCount=16, valorantCount=0, csCount=1, pubgCount=2)
Site(id=2470, URL=https://liquipedia.net/dota2/Main_Page, dotaCount=16, valorantCount=0, csCount=1, pubgCount=2)
Site(id=2471, URL=https://liquipedia.net/dota2/Main_Page#, dotaCount=16, valorantCount=0, csCount=1, pubgCount=2)
Site(id=2472, URL=https://liquipedia.net/dota2/Main_Page#, dotaCount=16, valorantCount=0, csCount=1, pubgCount=2)
Site(id=2473, URL=https://liquipedia.net/dota2/Main_Page, dotaCount=16, valorantCount=0, csCount=1, pubgCount=2)
Site(id=2474, URL=https://liquipedia.net/dota2/Main_Page#, dotaCount=16, valorantCount=0, csCount=1, pubgCount=2)
Site(id=2475, URL=https://liquipedia.net/dota2/Main_Page#, dotaCount=16, valorantCount=0, csCount=1, pubgCount=2)
Site(id=2476, URL=https://liquipedia.net/dota2/Main_Page, dotaCount=16, valorantCount=0, csCount=1, pubgCount=2)
Site(id=2477, URL=https://liquipedia.net/dota2/Main_Page, dotaCount=16, valorantCount=0, csCount=1, pubgCount=2)
Site(id=2478, URL=https://liquipedia.net/dota2/Main_Page, dotaCount=16, valorantCount=0, csCount=1, pubgCount=2)
Site(id=2479, URL=https://liquipedia.net/dota2/Main_Page, dotaCount=16, valorantCount=0, csCount=1, pubgCount=2)
Site(id=2480, URL=https://liquipedia.net/dota2/Main_Page#, dotaCount=16, valorantCount=0, csCount=1, pubgCount=2)
Site(id=2481, URL=https://liquipedia.net/dota2/Main_Page#, dotaCount=16, valorantCount=0, csCount=1, pubgCount=2)
Site(id=2482, URL=https://liquipedia.net/dota2/Main_Page, dotaCount=16, valorantCount=0, csCount=1, pubgCount=2)
Site(id=2483, URL=https://liquipedia.net/dota2/Main_Page#, dotaCount=16, valorantCount=0, csCount=1, pubgCount=2)
Site(id=2484, URL=https://liquipedia.net/dota2/Main_Page#, dotaCount=16, valorantCount=0, csCount=1, pubgCount=2)
Site(id=2485, URL=https://liquipedia.net/dota2/Main_Page, dotaCount=16, valorantCount=0, csCount=1, pubgCount=2)
Site(id=2486, URL=https://liquipedia.net/dota2/Main_Page, dotaCount=16, valorantCount=0, csCount=1, pubgCount=2)
Site(id=2487, URL=https://liquipedia.net/dota2/Main_Page#, dotaCount=16, valorantCount=0, csCount=1, pubgCount=2)
Site(id=2488, URL=https://liquipedia.net/dota2/Main_Page#, dotaCount=16, valorantCount=0, csCount=1, pubgCount=2)
Site(id=2489, URL=https://liquipedia.net/dota2/Main_Page, dotaCount=16, valorantCount=0, csCount=1, pubgCount=2)
Site(id=2490, URL=https://liquipedia.net/dota2/Main_Page#, dotaCount=16, valorantCount=0, csCount=1, pubgCount=2)
Site(id=2491, URL=https://liquipedia.net/dota2/Main_Page#, dotaCount=16, valorantCount=0, csCount=1, pubgCount=2)
Site(id=2492, URL=https://liquipedia.net/dota2/Main_Page, dotaCount=16, valorantCount=0, csCount=1, pubgCount=2)
Site(id=2493, URL=https://liquipedia.net/dota2/Main_Page, dotaCount=16, valorantCount=0, csCount=1, pubgCount=2)
Site(id=2494, URL=https://liquipedia.net/dota2/Main_Page, dotaCount=16, valorantCount=0, csCount=1, pubgCount=2)
Site(id=2495, URL=https://liquipedia.net/dota2/Main_Page#, dotaCount=16, valorantCount=0, csCount=1, pubgCount=2)
Site(id=2496, URL=https://liquipedia.net/dota2/Main_Page#, dotaCount=16, valorantCount=0, csCount=1, pubgCount=2)
Site(id=2497, URL=https://liquipedia.net/dota2/Main_Page, dotaCount=16, valorantCount=0, csCount=1, pubgCount=2)
Site(id=2498, URL=https://liquipedia.net/dota2/Main_Page#, dotaCount=16, valorantCount=0, csCount=1, pubgCount=2)
Site(id=2499, URL=https://liquipedia.net/dota2/Main_Page#, dotaCount=16, valorantCount=0, csCount=1, pubgCount=2)
Site(id=2500, URL=https://liquipedia.net/dota2/Main_Page, dotaCount=16, valorantCount=0, csCount=1, pubgCount=2)
Site(id=2501, URL=https://liquipedia.net/dota2/Main_Page, dotaCount=16, valorantCount=0, csCount=1, pubgCount=2)
Site(id=2502, URL=https://liquipedia.net/dota2/Main_Page#, dotaCount=16, valorantCount=0, csCount=1, pubgCount=2)
Site(id=2503, URL=https://liquipedia.net/dota2/Main_Page#, dotaCount=16, valorantCount=0, csCount=1, pubgCount=2)
Site(id=2504, URL=https://liquipedia.net/dota2/Main_Page, dotaCount=16, valorantCount=0, csCount=1, pubgCount=2)
Site(id=2505, URL=https://liquipedia.net/dota2/Main_Page#, dotaCount=16, valorantCount=0, csCount=1, pubgCount=2)
Site(id=2506, URL=https://liquipedia.net/dota2/Main_Page#, dotaCount=16, valorantCount=0, csCount=1, pubgCount=2)
Site(id=2507, URL=https://liquipedia.net/dota2/Main_Page, dotaCount=16, valorantCount=0, csCount=1, pubgCount=2)
Site(id=2508, URL=https://liquipedia.net/dota2/Main_Page, dotaCount=16, valorantCount=0, csCount=1, pubgCount=2)
Site(id=2509, URL=https://liquipedia.net/dota2/Main_Page, dotaCount=16, valorantCount=0, csCount=1, pubgCount=2)
Site(id=2510, URL=https://liquipedia.net/dota2/Main_Page, dotaCount=16, valorantCount=0, csCount=1, pubgCount=2)
Site(id=2511, URL=https://liquipedia.net/dota2/Main_Page, dotaCount=16, valorantCount=0, csCount=1, pubgCount=2)
Site(id=2512, URL=https://liquipedia.net/dota2/Main_Page#, dotaCount=16, valorantCount=0, csCount=1, pubgCount=2)
Site(id=2513, URL=https://liquipedia.net/dota2/Main_Page#, dotaCount=16, valorantCount=0, csCount=1, pubgCount=2)
Site(id=2514, URL=https://liquipedia.net/dota2/Main_Page, dotaCount=16, valorantCount=0, csCount=1, pubgCount=2)
Site(id=2515, URL=https://liquipedia.net/dota2/Main_Page#, dotaCount=16, valorantCount=0, csCount=1, pubgCount=2)
Site(id=2516, URL=https://liquipedia.net/dota2/Main_Page#, dotaCount=16, valorantCount=0, csCount=1, pubgCount=2)
Site(id=2517, URL=https://liquipedia.net/dota2/Main_Page, dotaCount=16, valorantCount=0, csCount=1, pubgCount=2)
Site(id=2518, URL=https://liquipedia.net/dota2/Main_Page, dotaCount=16, valorantCount=0, csCount=1, pubgCount=2)
Site(id=2519, URL=https://liquipedia.net/dota2/Main_Page#, dotaCount=16, valorantCount=0, csCount=1, pubgCount=2)
Site(id=2520, URL=https://liquipedia.net/dota2/Main_Page#, dotaCount=16, valorantCount=0, csCount=1, pubgCount=2)
Site(id=2521, URL=https://liquipedia.net/dota2/Main_Page, dotaCount=16, valorantCount=0, csCount=1, pubgCount=2)
Site(id=2522, URL=https://liquipedia.net/dota2/Main_Page#, dotaCount=16, valorantCount=0, csCount=1, pubgCount=2)
Site(id=2523, URL=https://liquipedia.net/dota2/Main_Page#, dotaCount=16, valorantCount=0, csCount=1, pubgCount=2)
Site(id=2524, URL=https://liquipedia.net/dota2/Main_Page, dotaCount=16, valorantCount=0, csCount=1, pubgCount=2)
Site(id=2525, URL=https://liquipedia.net/dota2/Main_Page, dotaCount=16, valorantCount=0, csCount=1, pubgCount=2)
Site(id=2526, URL=https://liquipedia.net/dota2/Main_Page, dotaCount=16, valorantCount=0, csCount=1, pubgCount=2)
Site(id=2527, URL=https://liquipedia.net/dota2/Main_Page#, dotaCount=16, valorantCount=0, csCount=1, pubgCount=2)
Site(id=2528, URL=https://liquipedia.net/dota2/Main_Page#, dotaCount=16, valorantCount=0, csCount=1, pubgCount=2)
Site(id=2529, URL=https://liquipedia.net/dota2/Main_Page, dotaCount=16, valorantCount=0, csCount=1, pubgCount=2)
Site(id=2530, URL=https://liquipedia.net/dota2/Main_Page#, dotaCount=16, valorantCount=0, csCount=1, pubgCount=2)
Site(id=2531, URL=https://liquipedia.net/dota2/Main_Page#, dotaCount=16, valorantCount=0, csCount=1, pubgCount=2)
Site(id=2532, URL=https://liquipedia.net/dota2/Main_Page, dotaCount=16, valorantCount=0, csCount=1, pubgCount=2)
Site(id=2533, URL=https://liquipedia.net/dota2/Main_Page, dotaCount=16, valorantCount=0, csCount=1, pubgCount=2)
Site(id=2534, URL=https://liquipedia.net/dota2/Main_Page#, dotaCount=16, valorantCount=0, csCount=1, pubgCount=2)
Site(id=2535, URL=https://liquipedia.net/dota2/Main_Page#, dotaCount=16, valorantCount=0, csCount=1, pubgCount=2)
Site(id=2536, URL=https://liquipedia.net/dota2/Main_Page, dotaCount=16, valorantCount=0, csCount=1, pubgCount=2)
Site(id=2537, URL=https://liquipedia.net/dota2/Main_Page#, dotaCount=16, valorantCount=0, csCount=1, pubgCount=2)
Site(id=2538, URL=https://liquipedia.net/dota2/Main_Page#, dotaCount=16, valorantCount=0, csCount=1, pubgCount=2)
Site(id=2539, URL=https://liquipedia.net/dota2/Main_Page, dotaCount=16, valorantCount=0, csCount=1, pubgCount=2)
Site(id=2540, URL=https://liquipedia.net/dota2/Main_Page, dotaCount=16, valorantCount=0, csCount=1, pubgCount=2)
Site(id=2541, URL=https://liquipedia.net/dota2/Main_Page, dotaCount=16, valorantCount=0, csCount=1, pubgCount=2)
Site(id=2542, URL=https://liquipedia.net/dota2/Main_Page, dotaCount=16, valorantCount=0, csCount=1, pubgCount=2)
Site(id=2543, URL=https://liquipedia.net/dota2/Main_Page#, dotaCount=16, valorantCount=0, csCount=1, pubgCount=2)
Site(id=2544, URL=https://liquipedia.net/dota2/Main_Page#, dotaCount=16, valorantCount=0, csCount=1, pubgCount=2)
Site(id=2545, URL=https://liquipedia.net/dota2/Main_Page, dotaCount=16, valorantCount=0, csCount=1, pubgCount=2)
Site(id=2546, URL=https://liquipedia.net/dota2/Main_Page#, dotaCount=16, valorantCount=0, csCount=1, pubgCount=2)
Site(id=2547, URL=https://liquipedia.net/dota2/Main_Page#, dotaCount=16, valorantCount=0, csCount=1, pubgCount=2)
Site(id=2548, URL=https://liquipedia.net/dota2/Main_Page, dotaCount=16, valorantCount=0, csCount=1, pubgCount=2)
Site(id=2549, URL=https://liquipedia.net/dota2/Main_Page, dotaCount=16, valorantCount=0, csCount=1, pubgCount=2)
Site(id=2550, URL=https://liquipedia.net/dota2/Main_Page#, dotaCount=16, valorantCount=0, csCount=1, pubgCount=2)
Site(id=2551, URL=https://liquipedia.net/dota2/Main_Page#, dotaCount=16, valorantCount=0, csCount=1, pubgCount=2)
Site(id=2552, URL=https://liquipedia.net/dota2/Main_Page, dotaCount=16, valorantCount=0, csCount=1, pubgCount=2)
Site(id=2553, URL=https://liquipedia.net/dota2/Main_Page#, dotaCount=16, valorantCount=0, csCount=1, pubgCount=2)
Site(id=2554, URL=https://liquipedia.net/dota2/Main_Page#, dotaCount=16, valorantCount=0, csCount=1, pubgCount=2)
Site(id=2555, URL=https://liquipedia.net/dota2/Main_Page, dotaCount=16, valorantCount=0, csCount=1, pubgCount=2)
Site(id=2556, URL=https://liquipedia.net/dota2/Main_Page, dotaCount=16, valorantCount=0, csCount=1, pubgCount=2)
Site(id=2557, URL=https://liquipedia.net/dota2/Main_Page, dotaCount=16, valorantCount=0, csCount=1, pubgCount=2)
Site(id=2558, URL=https://liquipedia.net/dota2/Main_Page#, dotaCount=16, valorantCount=0, csCount=1, pubgCount=2)
Site(id=2559, URL=https://liquipedia.net/dota2/Main_Page#, dotaCount=16, valorantCount=0, csCount=1, pubgCount=2)
Site(id=2560, URL=https://liquipedia.net/dota2/Main_Page, dotaCount=16, valorantCount=0, csCount=1, pubgCount=2)
Site(id=2561, URL=https://liquipedia.net/dota2/Main_Page#, dotaCount=16, valorantCount=0, csCount=1, pubgCount=2)
Site(id=2562, URL=https://liquipedia.net/dota2/Main_Page#, dotaCount=16, valorantCount=0, csCount=1, pubgCount=2)
Site(id=2563, URL=https://liquipedia.net/dota2/Main_Page, dotaCount=16, valorantCount=0, csCount=1, pubgCount=2)
Site(id=2564, URL=https://liquipedia.net/dota2/Main_Page, dotaCount=16, valorantCount=0, csCount=1, pubgCount=2)
Site(id=2565, URL=https://liquipedia.net/dota2/Main_Page#, dotaCount=16, valorantCount=0, csCount=1, pubgCount=2)
Site(id=2566, URL=https://liquipedia.net/dota2/Main_Page#, dotaCount=16, valorantCount=0, csCount=1, pubgCount=2)
Site(id=2567, URL=https://liquipedia.net/dota2/Main_Page, dotaCount=16, valorantCount=0, csCount=1, pubgCount=2)
